{
  "images" : [
    {
      "filename" : "us 1.png",
      "idiom" : "universal",
      "scale" : "1x"
    },
    {
      "filename" : "us.png",
      "idiom" : "universal",
      "scale" : "2x"
    },
    {
      "filename" : "us 2.png",
      "idiom" : "universal",
      "scale" : "3x"
    },
    {
      "filename" : "us 3.png",
      "idiom" : "ipad",
      "scale" : "1x"
    },
    {
      "filename" : "us 4.png",
      "idiom" : "ipad",
      "scale" : "2x"
    }
  ],
  "info" : {
    "author" : "xcode",
    "version" : 1
  }
}
